level,character,meaning,sound
7,家 ,집,가
7,歌 ,노래,가
5,價 ,값,가
5,可 ,옳을,가
5,加 ,더할,가
4,街 ,거리,가
4,假 ,거짓/빌릴,가
4,暇 ,겨를,가
3,佳,아름다울,가
3,架,시렁,가
2,迦,부처이름,가
2,柯,가지,가
2,伽,절,가
2,軻,수레,가
1,駕,멍에,가
1,嘉,아름다울,가
1,袈,가사,가
1,哥,성씨,가
1,苛,가혹할,가
1,呵,꾸짖을,가
1,嫁,시집갈,가
1,稼,심을,가
2,賈,성씨/장사,가/고
6,角 ,뿔,각
6,各 ,각각,각
4,覺 ,깨달을,각
4,刻 ,새길,각
3,閣,집,각
3,脚,다리,각
3,却,물리칠,각
2,珏,쌍옥,각
1,殼,껍질,각
1,恪,삼갈,각
7,間 ,사이,간
4,簡 ,대쪽/간략할,간
4,看 ,볼,간
4,干 ,방패/막을,간
3,肝,간,간
3,幹,줄기,간
3,刊,새길,간
3,懇,간절할,간
3,姦,간음할,간
2,杆,몽둥이,간
2,艮,괘이름,간
1,諫,간할,간
1,揀,가릴,간
1,艱,어려울,간
1,奸,간사할,간
1,竿,장대,간
1,墾,개간할,간
1,澗,산골물,간
1,癎,간질,간
3,渴,목마를,갈
2,鞨,오랑캐이름,갈
2,葛,칡,갈
1,喝,꾸짖을,갈
1,褐,갈색/굵은베옷,갈
1,竭,다할,갈
6,感 ,느낄,감
4,監 ,볼,감
4,減 ,덜,감
4,甘 ,달,감
4,敢 ,감히,감
3,鑑,거울,감
2,憾,섭섭할,감
1,勘,헤아릴,감
1,疳,감질,감
1,堪,견딜,감
1,紺,감색,감
1,瞰,굽어볼,감
1,柑,귤,감
2,邯,땅이름/조나라서울,감/한
4,甲 ,첫째천간/갑옷,갑
2,岬,곶,갑
2,鉀,갑옷,갑
1,閘,수문,갑
1,匣,갑,갑
7,江 ,강,강
6,強 ,강할,강
4,康 ,편안할,강
4,講 ,외울,강
3,綱,벼리,강
3,剛,굳셀,강
3,鋼,강철,강
2,彊,굳셀,강
2,岡,산등성이,강
2,崗,산등성이,강
2,姜,성씨,강
2,疆,지경,강
1,腔,빈속,강
1,糠,겨,강
1,慷,슬플,강
1,薑,생강,강
4,降 ,내릴/항복할,강/항
6,開 ,열,개
5,改 ,고칠,개
4,個 ,낱,개
3,蓋,덮을,개
3,介,낄,개
3,槪,대개,개
3,皆,다,개
3,慨,슬퍼할,개
2,价,클,개
2,塏,높은 땅,개
1,漑,물댈,개
1,愾,성낼,개
1,凱,개선할/즐길,개
1,芥,겨자,개
1,箇,낱,개
5,客 ,손,객
2,坑,구덩이,갱
1,羹,국,갱
4,更 ,다시/고칠,갱/경
1,醵,추렴할,갹/거
5,擧 ,들,거
5,去 ,갈,거
4,居 ,살,거
4,巨 ,클,거
4,據 ,근거,거
4,拒 ,막을,거
3,距,떨어질,거
1,渠,도랑,거
1,倨,거만할,거
7,車 ,수레,거/차
5,建 ,세울,건
5,健 ,굳셀,건
5,件 ,물건,건
3,乾,하늘/마를,건
2,鍵,열쇠/자물쇠,건
1,虔,공경할,건
1,腱,힘줄,건
1,巾,수건,건
4,傑 ,뛰어날,걸
3,乞,빌,걸
2,桀,홰/하왕이름,걸
2,杰,뛰어날,걸
4,檢 ,검사할,검
4,儉 ,검소할,검
3,劍,칼,검
1,怯,겁낼,겁
1,劫,위협할,겁
2,揭,높이 들,게
2,憩,쉴,게
1,偈,쉴/불시,게
5,格 ,격식,격
4,擊 ,칠,격
4,激 ,격할,격
3,隔,사이 뜰,격
1,檄,격문,격
1,覡,박수,격
1,膈,흉격,격
4,犬 ,개,견
4,堅 ,굳을,견
3,絹,비단,견
3,遣,보낼,견
3,牽,이끌,견
3,肩,어깨,견
2,甄,질그릇,견
1,鵑,두견이,견
1,譴,꾸짖을,견
1,繭,고치,견
5,見 ,볼/뵈올,견/현
5,決 ,결단할,결
5,結 ,맺을,결
4,缺 ,이지러질,결
4,潔 ,깨끗할,결
3,訣,이별할,결
3,兼,겸할,겸
3,謙,겸손할,겸
6,京 ,서울,경
5,景 ,볕,경
5,敬 ,공경할,경
5,輕 ,가벼울,경
5,競 ,다툴,경
4,警 ,경계할,경
4,經 ,글/지날,경
4,境 ,지경,경
4,慶 ,경사,경
4,鏡 ,거울,경
4,傾 ,기울,경
4,驚 ,놀랄,경
3,徑,지름길,경
3,硬,굳을,경
3,耕,밭 갈,경
3,頃,이랑/잠깐,경
3,卿,벼슬,경
3,庚,일곱째천간/별,경
3,竟,마침내,경
2,炅,빛날,경
2,儆,경계할,경
2,瓊,구슬,경
2,璟,옥빛,경
1,頸,목,경
1,梗,줄기/막힐,경
1,莖,줄기,경
1,勁,굳셀,경
1,磬,경쇠,경
1,憬,깨달을/동경할,경
1,脛,정강이,경
1,鯨,고래,경
1,痙,경련,경
6,計 ,셀,계
6,界 ,지경,계
4,係 ,멜,계
4,鷄 ,닭,계
4,系 ,이을,계
4,階 ,섬돌,계
4,繼 ,이을,계
4,季 ,철,계
4,戒 ,경계할,계
3,械,기계,계
3,啓,열,계
3,桂,계수나무,계
3,契,맺을,계
3,溪,시내,계
3,癸,열째천간/북방,계
3,繫,맬,계
1,悸,두근거릴,계
6,古 ,예,고
6,高 ,높을,고
6,苦 ,쓸,고
5,考 ,생각,고
5,告 ,고할,고
5,固 ,굳을,고
4,故 ,예,고
4,庫 ,창고,고
4,孤 ,외로울,고
3,稿,볏짚,고
3,姑,시어미/잠시,고
3,鼓,북,고
3,顧,돌아볼,고
3,枯,마를,고
2,雇,품팔,고
2,皐,못/언덕,고
1,膏,기름,고
1,拷,칠,고
1,袴,바지,고
1,敲,두드릴,고
1,辜,허물,고
1,叩,두드릴/조아릴,고
1,股,넓적다리,고
1,呱,울,고
1,錮,막을,고
1,痼,고질병,고
5,曲 ,굽을/가락,곡
4,穀 ,곡식,곡
3,哭,울,곡
3,谷,골,곡
1,梏,수갑,곡
1,鵠,고니/과녁,곡
4,困 ,곤할,곤
3,坤,땅,곤
1,昆,맏/벌레,곤
1,棍,몽둥이,곤
1,袞,곤룡포,곤
4,骨 ,뼈,골
1,汨,빠질,골
7,工 ,만들,공
7,空 ,빌,공
6,功 ,공적,공
6,共 ,함께,공
6,公 ,공평할,공
4,孔 ,구멍,공
4,攻 ,칠,공
3,供,이바지할,공
3,恐,두려울,공
3,貢,바칠,공
3,恭,공손할,공
1,拱,팔짱낄,공
1,鞏,굳을,공
2,串,땅이름/꿸,곶/관
6,科 ,과목,과
6,果 ,열매,과
5,過 ,지날,과
5,課 ,과정,과
3,寡,적을,과
3,誇,자랑할,과
2,戈,창,과
2,瓜,외,과
2,菓,과자,과
1,顆,낟알,과
3,郭,둘레,곽
1,廓,둘레,곽
1,藿,콩잎,곽
1,槨,외관,곽
5,關 ,관계할,관
5,觀 ,볼,관
4,官 ,벼슬,관
4,管 ,대롱/주관할,관
3,冠,갓,관
3,寬,너그러울,관
3,慣,익숙할,관
3,貫,꿸,관
3,館,집,관
2,款,항목/정성,관
2,琯,옥피리,관
1,灌,물댈,관
1,顴,광대뼈,관
1,棺,널,관
1,刮,깎을,괄
1,括,묶을,괄
6,光 ,빛,광
5,廣 ,넓을,광
4,鑛 ,쇳돌,광
3,狂,미칠,광
1,胱,오줌통,광
1,曠,빌/밝을,광
1,匡,바로잡을,광
1,壙,뫼구덩이,광
3,掛,걸,괘
1,罫,선,괘
1,卦,점괘,괘
3,壞,무너질,괴
3,怪,괴이할,괴
3,塊,흙덩이,괴
3,愧,부끄러워할,괴
2,槐,회화나무,괴
2,傀,허수아비,괴
1,魁,우두머리,괴
1,拐,속일,괴
1,乖,어그러질,괴
1,宏,클,굉
1,轟,울릴,굉
1,肱,팔뚝,굉
8,校,학교,교
8,敎,가르칠,교
6,交 ,사귈,교
5,橋 ,다리,교
3,較,견줄,교
3,巧,공교로울,교
3,矯,바로잡을,교
3,郊,들,교
2,僑,더부살이,교
2,膠,아교,교
2,絞,목맬,교
1,皎,달밝을,교
1,喬,높을,교
1,狡,교활할,교
1,咬,새소리,교
1,蛟,교룡,교
1,驕,교만할,교
1,攪,흔들,교
1,轎,가마,교
1,嬌,아리따울,교
8,九,아홉,구
7,口 ,입,구
6,球 ,공,구
6,區 ,구분할,구
5,救 ,구원할,구
5,舊 ,예,구
5,具 ,갖출,구
4,究 ,연구할,구
4,求 ,구할,구
4,構 ,얽을,구
3,丘,언덕,구
3,久,오랠,구
3,拘,잡을,구
3,俱,함께,구
3,狗,개,구
3,懼,두려워할,구
3,苟,진실로/구차할,구
3,驅,몰,구
2,邱,땅이름,구
2,購,살,구
2,鷗,갈매기,구
2,玖,옥돌,구
2,歐,유럽/칠,구
1,鉤,갈고리,구
1,臼,절구,구
1,柩,널,구
1,仇,원수,구
1,軀,몸,구
1,矩,곱자/모날/법도,구
1,枸,구기자,구
1,嘔,토할,구
1,鳩,비둘기,구
1,舅,시아비,구
1,溝,도랑,구
1,嶇,험할,구
1,駒,망아지,구
1,謳,노래할,구
1,灸,뜸,구
1,寇,도적,구
1,廏,마구간,구
1,衢,네거리,구
1,毆,때릴,구
1,垢,때,구
4,句 ,글귀,구/귀
8,國,나라,국
5,局 ,판,국
3,菊,국화,국
2,鞠,공/국문할,국
8,軍,군사,군
6,郡 ,고을,군
4,君 ,임금,군
4,群 ,무리,군
1,窘,막힐,군
4,屈 ,굽힐,굴
2,窟,굴,굴
2,掘,팔,굴
4,宮 ,집,궁
4,窮 ,다할,궁
3,弓,활,궁
1,躬,몸,궁
1,穹,하늘,궁
4,權 ,권리,권
4,卷 ,책,권
4,券 ,문서,권
4,勸 ,권할,권
3,拳,주먹,권
2,圈,우리,권
1,眷,돌볼,권
1,捲,거둘/말,권
1,倦,게으를,권
3,厥,그,궐
2,闕,대궐,궐
1,蹶,넘어질/일어설,궐
3,軌,바퀴자국,궤
1,櫃,상자,궤
1,潰,무너질,궤
1,机,책상,궤
1,詭,속일,궤
1,几,안석,궤
5,貴 ,귀할,귀
4,歸 ,돌아갈,귀
3,鬼,귀신,귀
3,龜,거북/땅이름/터질,귀/구/균
5,規 ,법,규
3,糾,얽을,규
3,叫,부르짖을,규
2,閨,안방,규
2,珪,홀,규
2,揆,헤아릴,규
2,圭,서옥/홀,규
2,奎,별,규
1,葵,해바라기/아욱,규
1,硅,규소,규
1,窺,엿볼,규
1,逵,길거리,규
4,均 ,고를,균
3,菌,버섯/세균,균
1,橘,귤나무,귤
4,極 ,다할,극
4,劇 ,연극/심할,극
3,克,이길,극
1,棘,가시,극
1,戟,창,극
1,剋,이길,극
1,隙,틈,극
6,根 ,뿌리,근
6,近 ,가까울,근
4,筋 ,힘줄,근
4,勤 ,부지런할,근
3,斤,도끼,근
3,僅,겨우,근
3,謹,삼갈,근
2,瑾,아름다운 옥,근
2,槿,무궁화,근
1,覲,뵐,근
1,饉,주릴,근
6,今 ,이제,금
4,禁 ,금할,금
3,錦,비단,금
3,琴,거문고,금
3,禽,새,금
1,衾,이불,금
1,襟,웃깃,금
1,擒,사로잡을,금
8,金,쇠/성씨,금/김
6,級 ,등급,급
6,急 ,급할,급
5,給 ,줄,급
3,及,미칠,급
1,汲,물길을,급
1,扱,미칠,급
3,肯,즐길,긍
2,兢,떨릴,긍
1,矜,자랑할,긍
1,亘,뻗칠/베풀,긍/선
7,記 ,기록할,기
7,氣 ,기운,기
7,旗 ,기,기
5,期 ,기약할,기
5,己 ,몸,기
5,技 ,재주,기
5,基 ,터,기
5,汽 ,김,기
4,器 ,그릇,기
4,起 ,일어날,기
4,機 ,틀,기
4,紀 ,벼리,기
4,寄 ,부칠,기
4,奇 ,기이할,기
3,企,바랄,기
3,其,그,기
3,騎,말 탈,기
3,祈,빌,기
3,畿,경기,기
3,棄,버릴,기
3,幾,몇,기
3,旣,이미,기
3,飢,주릴,기
3,忌,꺼릴,기
3,豈,어찌,기
3,欺,속일,기
2,箕,키,기
2,岐,갈림길,기
2,冀,바랄,기
2,耆,늙을,기
2,琦,옥이름,기
2,琪,아름다운 옥,기
2,淇,물이름,기
2,驥,천리마,기
2,璣,별이름,기
2,沂,물이름,기
2,麒,기린,기
2,騏,준마,기
2,棋,바둑,기
1,杞,구기자,기
1,妓,기생,기
1,綺,비단,기
1,嗜,즐길,기
1,譏,나무랄,기
1,畸,뙈기밭,기
1,伎,재주,기
1,肌,살가죽,기
1,崎,험할,기
1,羈,굴레,기
1,朞,돌,기
3,緊,긴할,긴
5,吉 ,길할,길
1,拮,일할,길
1,喫,마실,끽
3,那,어찌,나
1,懦,나약할,나
1,儺,푸닥거리,나
1,拏,붙잡을,나
1,拿,잡을,나
3,奈,어찌,나/내
3,諾,허락할,낙
4,難 ,어려울,난
4,暖 ,따뜻할,난
1,煖,따뜻할,난
1,捺,누를,날
1,捏,꾸밀,날
8,南,남녘,남
7,男 ,사내,남
4,納 ,들일,납
1,衲,기울,납
3,娘,계집,낭
1,囊,주머니,낭
7,內 ,안,내
3,耐,견딜,내
3,乃,이에,내
8,女 ,여자,녀
8,年 ,해,년
1,撚,비틀,년
1,涅,개흙,녈
5,念 ,생각,념
3,寧,편안할,녕
4,怒 ,성낼,노
4,努 ,힘쓸,노
3,奴,종,노
1,弩,쇠뇌,노
1,駑,둔한말,노
7,農 ,농사,농
2,濃,짙을,농
1,膿,고름,농
3,腦,골,뇌
3,惱,번뇌할,뇌
2,尿,오줌,뇨
1,撓,굽을,뇨
1,訥,말더듬을,눌
1,紐,맺을,뉴
5,能 ,능할,능
3,泥,진흙,니
2,尼,여승,니
2,溺,빠질,닉
1,匿,숨을,닉
6,多 ,많을,다
3,茶,차,다/차
6,短 ,짧을,단
5,團 ,둥글,단
5,壇 ,단,단
4,端 ,끝,단
4,檀 ,박달나무,단
4,斷 ,끊을,단
4,單 ,홑,단
4,段 ,층계,단
3,旦,아침,단
3,但,다만,단
2,鍛,쇠불릴,단
2,湍,여울,단
1,簞,소쿠리,단
1,蛋,새알,단
1,緞,비단,단
3,丹,붉을/정성스러울,단/란
4,達 ,통달할,달
1,疸,황달,달
1,撻,때릴,달
5,談 ,말씀,담
4,擔 ,멜,담
3,淡,맑을,담
2,潭,못,담
2,膽,쓸개,담
1,澹,맑을,담
1,痰,가래,담
1,憺,참담할,담
1,曇,흐릴,담
1,譚,이야기,담
7,答 ,답할,답
3,踏,밟을,답
3,畓,논,답
1,遝,뒤섞일,답
6,堂 ,집,당
5,當 ,마땅,당
4,黨 ,무리,당
3,唐,당나라/당황할,당
2,塘,못,당
1,螳,사마귀,당
1,撞,칠,당
1,棠,아가위,당
3,糖,엿,당/탕
8,大 ,큰,대
6,對 ,대할,대
6,代 ,세대/대신할,대
6,待 ,기다릴,대
4,帶 ,띠,대
4,隊 ,무리,대
3,臺,대,대
3,貸,빌릴,대
2,戴,일,대
2,垈,터,대
1,袋,자루,대
1,擡,들,대
5,宅 ,집,댁/택
5,德 ,덕,덕
2,悳,덕,덕
7,道 ,길,도
6,圖 ,그림,도
5,都 ,도읍,도
5,島 ,섬,도
5,到 ,이를,도
4,導 ,인도할,도
4,徒 ,무리,도
4,盜 ,도둑,도
4,逃 ,달아날,도
3,渡,건널,도
3,途,길,도
3,倒,넘어질,도
3,陶,질그릇,도
3,刀,칼,도
3,桃,복숭아,도
3,塗,칠할,도
3,挑,돋울,도
3,跳,뛸,도
3,稻,벼,도
2,燾,비칠,도
2,悼,슬퍼할,도
1,萄,포도,도
1,滔,물넘칠,도
1,堵,담,도
1,蹈,밟을,도
1,睹,볼,도
1,掉,흔들,도
1,賭,도박,도
1,淘,일,도
1,禱,빌,도
1,屠,죽일,도
1,鍍,도금할,도
1,濤,물결,도
1,搗,찧을,도
6,度 ,"법도,정도/헤아릴",도/탁
5,獨 ,홀로,독
4,督 ,감독할,독
4,毒 ,독,독
3,篤,도타울,독
1,禿,대머리,독
1,瀆,도랑/더럽힐,독
6,讀 ,읽을/구절,독/두
3,豚,돼지,돈
3,敦,도타울,돈
2,惇,도타울,돈
2,頓,조아릴,돈
2,燉,불빛,돈
1,沌,엉길,돈
3,突,부딪힐,돌
2,乭,사람이름,돌
8,東 ,동녘,동
7,冬 ,겨울,동
7,動 ,움직일,동
7,同 ,한가지,동
6,童 ,아이,동
4,銅 ,구리,동
3,凍,얼,동
2,董,바를,동
2,棟,마룻대,동
2,桐,오동나무,동
1,胴,큰창자,동
1,瞳,눈동자,동
1,疼,아플,동
1,憧,동경할,동
7,洞 ,마을/밝을,동/통
6,頭 ,머리,두
4,豆 ,콩,두
4,斗 ,말,두
2,杜,막을,두
1,兜,투구,두
1,痘,천연두,두
3,屯,진칠,둔
3,鈍,둔할,둔
1,遁,숨을,둔
1,臀,볼기,둔
4,得 ,얻을,득
7,登 ,오를,등
6,等 ,무리/같을,등
4,燈 ,등잔,등
3,騰,오를,등
2,鄧,나라이름,등
2,謄,베낄,등
2,藤,등나무,등
1,橙,귤나무/등자나무,등
4,羅 ,벌일/그물,라
2,裸,벗을,라
1,懶,게으를,라
1,癩,나환자,라
1,邏,순라,라
1,螺,소라,라
5,落 ,떨어질,락
3,絡,이을,락
2,洛,물이름,락
1,烙,지질,락
1,駱,낙타,락
1,酪,쇠젖,락
6,樂 ,즐길/음악/좋아할,락/악/요
4,卵 ,알,란
4,亂 ,어지러울,란
3,蘭,난초,란
3,欄,난간,란
2,爛,빛날,란
1,鸞,난새,란
1,瀾,물결,란
1,辣,매울,랄
1,剌,어그러질/발랄할,랄
4,覽 ,볼,람
3,濫,넘칠,람
2,藍,쪽,람
1,籃,대바구니,람
2,拉,끌,랍
1,蠟,밀랍,랍
1,臘,섣달,랍
5,朗 ,밝을,랑
3,廊,행랑,랑
3,郞,사내,랑
3,浪,물결,랑
1,狼,이리,랑
7,來 ,올,래
2,萊,명아주,래
5,冷 ,찰,랭
4,略 ,책략/간략할,략
3,掠,노략질할,략
5,良 ,어질,량
5,量 ,헤아릴,량
4,兩 ,두,량
4,糧 ,양식,량
3,梁,들보,량
3,涼,서늘할,량
3,諒,믿을,량
2,樑,들보,량
2,亮,밝을,량
2,輛,수레,량
1,粱,기장,량
1,倆,재주,량
5,旅 ,나그네,려
4,麗 ,고울,려
4,慮 ,생각할,려
3,勵,힘쓸,려
2,礪,숫돌,려
2,廬,농막집,려
2,呂,성씨/음률,려
1,閭,마을,려
1,黎,검을,려
1,濾,거를,려
1,侶,짝,려
1,戾,어그러질,려
2,驪,검은말,려/리
7,力 ,힘,력
5,歷 ,지낼,력
3,曆,책력,력
1,礫,조약돌,력
1,瀝,스밀,력
5,練 ,익힐,련
4,連 ,잇닿을,련
3,蓮,연꽃,련
3,聯,연이을,련
3,鍊,단련할,련
3,戀,그리워할,련
3,憐,불쌍히여길,련
2,煉,달일,련
2,漣,잔물결,련
1,輦,가마,련
4,列 ,줄,렬
4,烈 ,매울,렬
3,裂,찢을,렬
3,劣,못할,렬
3,廉,청렴할,렴
2,濂,물이름,렴
1,斂,거둘,렴
1,簾,발,렴
1,殮,염할,렴
3,獵,사냥,렵
5,領 ,거느릴,령
5,令 ,명령할/좋을,령
3,靈,신령,령
3,嶺,고개,령
3,零,떨어질,령
2,玲,옥소리,령
1,齡,나이,령
1,鈴,방울,령
1,囹,옥,령
1,逞,쾌할,령
6,禮 ,예도,례
6,例 ,법식,례
3,隷,종,례
2,醴,단술,례
7,老 ,늙을,로
6,路 ,길,로
5,勞 ,일할,로
3,露,이슬,로
3,爐,화로,로
2,魯,노나라,로
2,鷺,해오라기,로
2,盧,성씨,로
2,蘆,갈대,로
1,虜,사로잡을,로
1,擄,노략질할,로
1,撈,건질,로
6,綠 ,푸를,록
4,錄 ,기록할,록
3,祿,녹,록
3,鹿,사슴,록
1,麓,산기슭,록
1,碌,푸른돌,록
4,論 ,논할,론
3,弄,희롱할,롱
2,籠,대바구니,롱
1,聾,귀머거리,롱
1,瓏,옥소리,롱
1,壟,언덕,롱
3,賴,의뢰할,뢰
3,雷,우레,뢰
1,磊,돌무더기,뢰
1,儡,꼭두각시,뢰
1,賂,뇌물,뢰
1,牢,우리,뢰
5,料 ,재료/헤아릴,료
3,了,마칠,료
3,僚,동료,료
2,療,병 고칠,료
2,遼,멀,료
1,寮,벼슬아치,료
1,聊,애오라지,료
1,瞭,밝을,료
1,燎,횃불,료
4,龍 ,용,룡
3,樓,다락,루
3,漏,샐,루
3,淚,눈물,루
3,屢,여러,루
1,陋,더러울,루
1,壘,보루,루
3,累,여러/자주,루'
5,流 ,흐를,류
5,類 ,무리,류
4,留 ,머무를,류
4,柳 ,버들,류
2,謬,그릇될,류
2,劉,죽일,류
2,硫,유황,류
1,溜,낙숫물,류
1,琉,유리,류
1,瘤,혹,류
8,六 ,여섯,륙
5,陸 ,뭍,륙
1,戮,죽일,륙
4,輪 ,바퀴,륜
3,倫,인륜,륜
2,崙,산이름,륜
1,綸,벼리,륜
1,淪,빠질,륜
4,律 ,법,률
3,栗,밤,률
1,慄,떨릴,률
3,率,비율/거느릴,률/솔
3,隆,높을,륭
1,勒,굴레,륵
1,肋,갈빗대,륵
1,凜,찰,름
3,陵,언덕,릉
2,楞,네모질,릉
1,綾,비단,릉
1,凌,능가할/업신여길,릉
1,菱,마름,릉
1,稜,모날,릉
7,里 ,마을,리
6,李 ,오얏,리
6,理 ,다스릴,리
6,利 ,이로울,리
4,離 ,떠날,리
3,履,밟을,리
3,吏,벼슬아치,리
3,裏,속,리
3,梨,배나무,리
1,罹,걸릴,리
1,籬,울타리,리
1,釐,다스릴,리
1,痢,이질,리
1,悧,영리할,리
1,俚,속될,리
1,裡,속,리
3,隣,이웃,린
2,麟,기린,린
1,躪,짓밟을,린
1,鱗,비늘,린
1,吝,아낄,린
1,燐,도깨비불,린
7,林 ,수풀,림
3,臨,임할,림
1,淋,임질/장마,림
7,立 ,설,립
1,笠,삿갓,립
1,粒,낟알,립
5,馬 ,말,마
3,磨,갈,마
3,麻,삼,마
2,痲,저릴,마
2,摩,문지를,마
2,魔,마귀,마
3,幕,장막,막
3,莫,없을,막
3,漠,아득할,막
2,膜,꺼풀,막
1,寞,고요할,막
8,萬 ,일만,만
4,滿 ,찰,만
3,晩,늦을,만
3,慢,거만할,만
3,漫,흩어질,만
2,蠻,오랑캐,만
2,灣,물굽이,만
2,娩,낳을,만
1,蔓,덩굴,만
1,彎,굽을,만
1,輓,끌,만
1,饅,만두,만
1,卍,만자,만
1,挽,당길,만
1,鰻,뱀장어,만
1,瞞,속일,만
5,末 ,끝,말
2,靺,오랑캐이름/버선,말
1,襪,버선,말
1,沫,물거품,말
1,抹,지울,말
5,望 ,바랄,망
5,亡 ,망할,망
3,妄,망령될,망
3,罔,없을/속일/그물,망
3,茫,아득할,망
3,忙,바쁠,망
3,忘,잊을,망
2,網,그물,망
1,惘,멍할,망
1,芒,까끄라기,망
7,每 ,매양,매
5,賣 ,팔,매
5,買 ,살,매
4,妹 ,손아래누이,매
3,梅,매화,매
3,媒,중매,매
3,埋,묻을,매
2,魅,매혹할,매
2,枚,낱,매
1,煤,그을음,매
1,寐,잘,매
1,呆,어리석을,매
1,昧,어두울,매
1,邁,갈,매
1,罵,욕할,매
4,脈 ,줄기,맥
3,麥,보리,맥
2,貊,맥나라,맥
3,猛,사나울,맹
3,孟,맏,맹
3,盟,맹세,맹
3,盲,눈멀,맹
1,萌,싹,맹
2,覓,찾을,멱
7,面 ,낯,면
4,勉 ,힘쓸,면
3,免,면할,면
3,眠,잘,면
3,綿,솜,면
2,沔,물이름,면
2,俛,힘쓸,면
2,冕,면류관,면
1,棉,목화,면
1,緬,가는실,면
1,麪,밀가루,면
1,眄,곁눈질할,면
3,滅,멸할,멸
2,蔑,업신여길,멸
7,名 ,이름,명
7,命 ,목숨,명
6,明 ,밝을,명
4,鳴 ,울,명
3,銘,새길,명
3,冥,어두울,명
1,螟,멸구,명
1,溟,바다,명
1,暝,저물,명
1,酩,술취할,명
1,皿,그릇,명
1,袂,소매,몌
8,母 ,어미,모
4,毛 ,털,모
4,模 ,본뜰,모
3,謀,꾀할,모
3,慕,그리워할,모
3,貌,모양,모
3,侮,업신여길,모
3,冒,무릅쓸,모
3,某,아무,모
3,暮,저물,모
3,募,모을/뽑을,모
2,矛,창,모
2,謨,꾀,모
2,茅,띠,모
2,帽,모자,모
2,牟,보리/성씨,모
1,糢,본뜰,모
1,牡,수컷,모
1,摸,찾을,모
1,耗,줄을,모
8,木 ,나무,목
6,目 ,눈,목
4,牧 ,칠,목
3,睦,화목할,목
2,沐,씻을,목
2,穆,화목할,목
3,沒,빠질,몰
1,歿,죽을,몰
3,夢,꿈,몽
3,蒙,어두울,몽
4,妙 ,묘할,묘
4,墓 ,무덤,묘
3,苗,모,묘
3,廟,사당,묘
3,卯,넷째지지/토끼,묘
2,昴,별이름,묘
1,杳,아득할,묘
1,渺,아득할/물질펀할,묘
1,描,그릴,묘
1,猫,고양이,묘
5,無 ,없을,무
4,武 ,무인,무
4,務 ,힘쓸,무
4,舞 ,춤출,무
3,茂,무성할,무
3,貿,무역할,무
3,戊,다섯째 천간,무
3,霧,안개,무
1,畝,이랑,무
1,巫,무당,무
1,撫,어루만질,무
1,毋,말,무
1,誣,속일,무
1,拇,엄지손가락,무
1,蕪,거칠,무
1,憮,어루만질,무
3,默,잠잠할,묵
3,墨,먹,묵
8,門 ,문,문
7,文 ,글월,문
7,問 ,물을,문
6,聞 ,들을,문
3,紋,무늬,문
2,汶,내이름/더러운 물,문
2,紊,어지러울,문
1,蚊,모기,문
7,物 ,물건,물
3,勿,말,물
6,美 ,아름다울,미
6,米 ,쌀,미
4,未 ,아닐,미
4,味 ,맛,미
3,微,작을,미
3,尾,꼬리,미
3,迷,미혹할,미
3,眉,눈썹,미
2,彌,미륵,미
1,靡,쓰러질,미
1,薇,장미,미
1,媚,아첨할,미
8,民 ,백성,민
3,憫,민망할,민
3,敏,민첩할,민
2,閔,성씨,민
2,旼,화할,민
2,珉,옥돌,민
2,玟,아름다운 돌,민
2,旻,하늘,민
1,悶,답답할,민
4,密 ,빽빽할,밀
3,蜜,꿀,밀
1,謐,고요할,밀
6,朴 ,성씨/순박할,박
4,博 ,넓을,박
4,拍 ,칠,박
3,迫,닥칠,박
3,薄,엷을,박
3,泊,배댈/머무를,박
2,舶,배,박
1,縛,얽을,박
1,樸,순박할,박
1,撲,칠,박
1,箔,발,박
1,粕,지게미,박
1,駁,논박할,박
1,膊,팔뚝,박
1,剝,벗길,박
1,搏,두드릴,박
1,珀,호박,박
6,班 ,나눌,반
6,反 ,돌이킬,반
6,半 ,반,반
3,般,일반,반
3,飯,밥,반
3,盤,소반,반
3,伴,짝,반
3,叛,배반할,반
3,返,돌아올,반
2,搬,옮길,반
2,潘,성씨/뜨물,반
1,礬,백반,반
1,攀,더위잡을,반
1,絆,얽어맬,반
1,拌,버릴,반
1,畔,밭두둑,반
1,槃,쟁반,반
1,蟠,서릴,반
1,斑,아롱질,반
1,頒,나눌,반
2,磻,반계,반/번
6,發 ,필,발
4,髮 ,터럭,발
3,拔,뽑을,발
2,鉢,바리때,발
2,渤,바다이름,발
1,醱,술괼,발
1,潑,물뿌릴,발
1,跋,밟을,발
1,撥,다스릴,발
1,勃,노할,발
1,魃,가물,발
7,方 ,모,방
6,放 ,놓을,방
4,防 ,막을,방
4,房 ,방,방
4,訪 ,찾을,방
4,妨 ,방해할,방
3,芳,꽃다울,방
3,邦,나라,방
3,倣,본뜰,방
3,傍,곁,방
2,龐,높은집,방
2,旁,곁,방
2,紡,길쌈,방
1,謗,헐뜯을,방
1,肪,기름,방
1,坊,동네,방
1,榜,방붙일,방
1,膀,오줌통,방
1,枋,다목,방
1,彷,헤맬,방
1,幇,도울,방
1,尨,삽살개,방
1,昉,밝을,방
5,倍 ,곱,배
4,配 ,짝/나눌,배
4,背 ,등/배반할,배
4,拜 ,절,배
3,培,북돋울,배
3,排,밀칠,배
3,輩,무리,배
3,杯,잔,배
2,賠,물어줄,배
2,裵,성씨/옷 치렁치렁할,배
2,俳,배우,배
1,湃,물결칠,배
1,徘,어정거릴,배
1,陪,모실,배
1,胚,아기밸,배
8,白 ,흰,백
7,百 ,일백,백
3,伯,맏,백
2,柏,측백나무,백
1,魄,넋,백
1,帛,비단,백
6,番 ,차례,번
3,繁,번성할,번
3,飜,뒤칠,번
3,煩,번거로울,번
1,蕃,불을,번
1,藩,울타리,번
4,罰 ,벌할,벌
4,伐 ,칠,벌
2,閥,문벌,벌
2,筏,뗏목,벌
4,範 ,법,범
4,犯 ,범할,범
3,凡,무릇,범
2,汎,넘칠,범
2,范,성씨,범
1,帆,돛,범
1,梵,불경,범
1,氾,넘칠,범
1,泛,뜰,범
5,法 ,법,법
4,壁 ,벽,벽
3,碧,푸를,벽
2,僻,궁벽할,벽
1,癖,버릇,벽
1,劈,쪼갤,벽
1,闢,열,벽
1,擘,엄지손가락,벽
1,璧,구슬,벽
5,變 ,변할,변
4,邊 ,가,변
4,辯 ,말씀,변
3,辨,분별할,변
2,卞,성씨,변
2,弁,고깔,변
6,別 ,다를,별
1,鼈,자라,별
1,瞥,눈깜짝할,별
6,病 ,병,병
5,兵 ,병사,병
3,丙,셋째 천간/밝을,병
3,竝,나란히,병
3,屛,병풍,병
2,昞,밝을/불꽃,병
2,昺,밝을/불꽃,병
2,炳,밝을/불꽃,병
2,秉,잡을,병
2,倂,아우를,병
2,柄,자루,병
1,甁,병,병
1,餠,떡,병
4,保 ,지킬,보
4,報 ,갚을/알릴,보
4,寶 ,보배,보
4,步 ,걸음,보
4,普 ,넓을,보
3,補,기울,보
3,譜,족보,보
2,輔,도울,보
2,潽,물이름,보
2,甫,클,보
1,堡,작은성,보
1,菩,보살,보
1,洑,보/스며흐를,보/복
6,服 ,옷,복
5,福 ,복,복
4,伏 ,엎드릴,복
4,複 ,겹칠,복
3,腹,배,복
3,卜,점,복
2,馥,향기,복
1,鰒,전복,복
1,僕,종,복
1,匐,길,복
4,復 ,돌아올/다시,복/부
3,覆,다시/덮을,복/부
1,輻,바퀴살,복/폭
6,本 ,근본,본
5,奉 ,받들,봉
3,逢,만날,봉
3,封,봉할,봉
3,鳳,새,봉
3,峯,봉우리,봉
3,蜂,벌,봉
2,蓬,쑥,봉
2,縫,꿰맬,봉
2,俸,녹,봉
1,鋒,칼날,봉
1,烽,봉화,봉
1,捧,받들,봉
1,棒,막대,봉
8,父 ,아비,부
7,夫 ,남편,부
6,部 ,떼,부
4,婦 ,아내,부
4,富 ,부유할,부
4,副 ,버금,부
4,府 ,관청,부
4,負 ,질,부
4,否 ,아닐,부
3,附,붙을,부
3,賦,부세,부
3,符,부호,부
3,簿,문서,부
3,扶,도울,부
3,腐,썩을,부
3,浮,뜰,부
3,付,부칠,부
3,赴,나아갈,부
2,傅,스승,부
2,膚,살갗,부
2,敷,펼,부
2,釜,가마,부
2,阜,언덕,부
1,賻,부의,부
1,斧,도끼,부
1,孵,알깔,부
1,駙,부마,부
1,埠,부두,부
1,訃,부고,부
1,咐,분부할/불,부
1,芙,연꽃,부
1,剖,쪼갤,부
1,腑,육부,부
1,俯,구부릴,부
8,北 ,북녘/달아날,북/배
6,分 ,나눌,분
4,粉 ,가루,분
4,憤 ,분할,분
3,紛,어지러울,분
3,奔,달릴,분
3,奮,떨칠,분
3,墳,무덤,분
2,芬,향기,분
1,吩,분부할,분
1,扮,꾸밀,분
1,噴,뿜을,분
1,雰,눈날릴,분
1,忿,성낼,분
1,盆,동이,분
1,糞,똥,분
1,焚,불사를,분
4,佛 ,부처,불
3,拂,떨칠,불
2,弗,아닐/달러,불
1,彿,비슷할,불
7,不 ,아닐,불/부
3,朋,벗,붕
3,崩,무너질,붕
2,鵬,붕새,붕
1,棚,사다리,붕
1,硼,붕사,붕
1,繃,묶을,붕
5,鼻 ,코,비
5,費 ,쓸,비
5,比 ,견줄,비
4,備 ,갖출,비
4,非 ,아닐,비
4,悲 ,슬플,비
4,飛 ,날,비
4,碑 ,비석,비
4,祕 ,숨길,비
4,批 ,비평할,비
3,妃,왕비,비
3,肥,살찔,비
3,卑,낮을,비
3,婢,계집종,비
2,匪,비적/나눌,비
2,毘,도울,비
2,毖,삼갈,비
2,丕,클,비
1,妣,죽은어미,비
1,脾,지라,비
1,琵,비파,비
1,庇,덮을,비
1,鄙,더러울,비
1,翡,물총새,비
1,緋,비단,비
1,譬,비유할,비
1,扉,사립문,비
1,憊,고단할,비
1,誹,헐뜯을,비
1,裨,도울,비
1,秕,쭉정이,비
1,匕,비수,비
1,砒,비상,비
1,臂,팔,비
1,痺,저릴,비
1,蜚,바퀴/날,비
1,沸,끓을/용솟음할,비/불
2,泌,분비할/스며흐를,비/필
4,貧 ,가난할,빈
3,頻,자주,빈
3,賓,손,빈
2,彬,빛날,빈
1,嚬,찡그릴,빈
1,瀕,물가/가까울,빈
1,殯,빈소,빈
1,濱,물가,빈
1,嬪,궁녀벼슬이름,빈
5,氷 ,얼음,빙
3,聘,부를,빙
1,憑,기댈,빙
8,四 ,넉,사
7,事 ,일,사
6,死 ,죽을,사
6,使 ,하여금/부릴,사
6,社 ,모일,사
5,思 ,생각,사
5,士 ,선비,사
5,寫 ,베낄,사
5,史 ,역사,사
5,仕 ,섬길,사
5,査 ,조사할,사
4,師 ,스승,사
4,謝 ,사례할,사
4,舍 ,집,사
4,絲 ,실,사
4,射 ,쏠,사
4,私 ,사사로울,사
4,辭 ,말씀,사
3,斜,비낄,사
3,司,맡을,사
3,沙,모래,사
3,蛇,긴뱀,사
3,邪,간사할,사
3,祀,제사,사
3,詞,말씀,사
3,捨,버릴,사
3,巳,여섯째 지지/뱀,사
3,賜,줄,사
3,斯,이,사
3,似,같을,사
3,詐,속일,사
2,赦,용서할,사
2,唆,부추길,사
2,飼,기를,사
2,泗,물이름,사
1,祠,사당,사
1,徙,옮길,사
1,紗,비단,사
1,瀉,쏟을,사
1,嗣,이을,사
1,獅,사자,사
1,些,적을,사
1,奢,사치할,사
1,蓑,도롱이,사
1,麝,사향노루,사
1,娑,춤출/사바세상,사
4,寺 ,절/내관,사/시
3,削,깎을,삭
3,朔,초하루,삭
8,山 ,뫼,산
7,算 ,셈,산
5,産 ,낳을,산
4,散 ,흩을,산
2,酸,실,산
2,傘,우산,산
1,珊,산호,산
1,刪,깎을,산
1,疝,산증,산
1,撒,뿌릴,살
1,煞,죽일,살
1,薩,보살,살
4,殺 ,죽일/빠를,살/쇄
8,三 ,석,삼
3,森,수풀,삼
2,蔘,삼,삼
1,滲,스밀,삼
2,揷,꽂을,삽
1,澁,떫을,삽
7,上 ,위,상
5,相 ,서로,상
5,商 ,장사,상
5,賞 ,상줄,상
4,想 ,생각,상
4,床 ,상,상
4,常 ,항상,상
4,象 ,코끼리/모양,상
4,傷 ,상할,상
3,喪,잃을,상
3,像,모양,상
3,尙,오히려,상
3,償,갚을,상
3,霜,서리,상
3,裳,치마,상
3,詳,자세할,상
3,桑,뽕나무,상
3,祥,상서,상
3,嘗,맛볼,상
2,箱,상자,상
2,庠,학교,상
1,孀,홀어미,상
1,爽,시원할,상
1,翔,날,상
1,觴,잔,상
4,狀 ,형상/문서,상/장
1,璽,옥새,새
3,塞,변방/막힐,새/색
7,色 ,빛,색
1,嗇,아낄,색
3,索,찾을/노,색/삭
8,生 ,날,생
1,牲,희생,생
1,甥,생질,생
8,西 ,서녘,서
6,書 ,글,서
5,序 ,차례,서
3,緖,실마리,서
3,徐,천천히할,서
3,署,관청,서
3,恕,용서할,서
3,誓,맹세할,서
3,暑,더울,서
3,逝,갈,서
3,庶,여러,서
3,敍,펼,서
2,瑞,상서,서
2,舒,펼,서
1,抒,풀,서
1,黍,기장,서
1,棲,깃들일,서
1,嶼,섬,서
1,犀,무소,서
1,曙,새벽,서
1,胥,서로,서
1,鼠,쥐,서
1,薯,감자,서
1,壻,사위,서
7,夕 ,저녁,석
6,石 ,돌,석
6,席 ,자리,석
3,惜,아낄,석
3,釋,풀,석
3,析,쪼갤,석
3,昔,예,석
2,錫,주석,석
2,碩,클,석
2,晳,밝을,석
2,奭,클,석
1,潟,개펄,석
8,先 ,먼저,선
6,線 ,줄,선
5,船 ,배,선
5,善 ,착할,선
5,鮮 ,고울/물고기,선
5,仙 ,신선,선
5,選 ,가릴,선
4,宣 ,베풀,선
3,禪,봉선,선
3,旋,돌,선
2,繕,기울,선
2,璇,옥,선
2,璿,구슬,선
2,瑄,도리옥,선
1,扇,부채,선
1,煽,부채질할,선
1,腺,샘,선
1,銑,무쇠,선
1,膳,선물/반찬,선
1,羨,부러워할/무덤길,선/연
6,雪 ,눈,설
4,設 ,베풀,설
4,舌 ,혀,설
2,薛,성씨,설
2,卨,사람이름,설
1,渫,파낼,설
1,屑,가루,설
1,泄,샐,설
5,說 ,말씀/달랠/기쁠,설/세/열
1,洩,샐/퍼질,설/예
2,纖,가늘,섬
2,蟾,두꺼비,섬
2,陝,땅이름,섬
2,暹,햇살 치밀,섬
1,閃,번쩍일,섬
1,殲,다죽일,섬
3,攝,다스릴,섭
3,涉,건널,섭
2,燮,불꽃,섭
7,姓 ,성씨,성
6,成 ,이룰,성
5,性 ,성품,성
4,聖 ,신성할,성
4,城 ,재,성
4,星 ,별,성
4,聲 ,소리,성
4,盛 ,성할,성
4,誠 ,정성,성
2,晟,밝을,성
1,醒,깰,성
6,省 ,살필/덜,성/생
7,世 ,누리,세
5,歲 ,해,세
5,洗 ,씻을,세
4,稅 ,세금,세
4,勢 ,형세,세
4,細 ,가늘,세
2,貰,세낼,세
8,小 ,작을,소
7,所 ,바,소
7,少 ,적을,소
6,消 ,사라질,소
4,掃 ,쓸,소
4,笑 ,웃을,소
4,素 ,흴/바탕,소
3,燒,불사를,소
3,疏,소통할,소
3,蘇,되살아날,소
3,訴,호소할,소
3,蔬,나물,소
3,騷,떠들,소
3,昭,밝을,소
3,召,부를,소
2,巢,새집,소
2,邵,땅이름,소
2,沼,못,소
2,紹,이을,소
1,塑,흙빚을,소
1,疎,성길,소
1,遡,거스를,소
1,甦,깨어날,소
1,逍,노닐,소
1,梳,얼레빗,소
1,蕭,쓸쓸할,소
1,宵,밤,소
1,簫,퉁소,소
1,瘙,피부병,소
1,搔,긁을,소
6,速 ,빠를,속
5,束 ,묶을,속
4,續 ,이을,속
4,俗 ,풍속,속
4,屬 ,무리,속
3,粟,조,속
1,贖,속죄할,속
6,孫 ,손자,손
4,損 ,덜,손
1,遜,겸손할,손
1,涌,물,솟을
4,送 ,보낼,송
4,松 ,소나무,송
4,頌 ,기릴,송
3,訟,송사할,송
3,誦,욀,송
2,宋,성씨/송나라,송
1,悚,두려울,송
3,刷,인쇄할,쇄
3,鎖,쇠사슬,쇄
1,碎,부술,쇄
1,灑,뿌릴,쇄
3,衰,쇠할,쇠
8,水 ,물,수
7,手 ,손,수
6,樹 ,나무,수
5,首 ,머리,수
4,收 ,거둘,수
4,修 ,닦을,수
4,授 ,줄,수
4,受 ,받을,수
4,守 ,지킬,수
4,秀 ,빼어날,수
3,需,쓰일,수
3,輸,실어낼,수
3,帥,장수,수
3,垂,드리울,수
3,獸,짐승,수
3,殊,다를,수
3,壽,목숨,수
3,隨,따를,수
3,愁,근심,수
3,囚,가둘,수
3,睡,졸음,수
3,須,모름지기,수
3,誰,누구,수
3,搜,찾을,수
3,雖,비록,수
3,遂,드디어,수
2,隋,수나라,수
2,銖,저울눈,수
2,洙,물가,수
1,蒐,모을,수
1,袖,소매,수
1,竪,세울,수
1,嫂,형수,수
1,羞,부끄러울,수
1,穗,이삭,수
1,戍,수자리,수
1,狩,사냥할,수
1,瘦,여윌,수
1,髓,뼛골,수
1,繡,수놓을,수
1,讎,원수,수
1,酬,갚을,수
1,粹,순수할,수
7,數 ,셈/자주,수/삭
4,肅 ,엄숙할,숙
4,叔 ,아저씨,숙
3,淑,맑을,숙
3,熟,익을,숙
3,孰,누구,숙
1,菽,콩,숙
1,塾,글방,숙
1,夙,이를,숙
5,宿 ,잘/별자리,숙/수
5,順 ,순할,순
4,純 ,순수할,순
3,巡,돌,순
3,旬,열흘,순
3,瞬,눈 깜짝일,순
3,循,돌,순
3,脣,입술,순
3,殉,따라죽을,순
2,舜,순임금,순
2,珣,옥이름,순
2,盾,방패,순
2,荀,풀이름,순
2,淳,순박할,순
2,洵,참으로,순
1,醇,전국술,순
1,筍,죽순,순
1,馴,길들일,순
6,術 ,재주,술
3,述,펼,술
3,戌,열한째지지/개,술
4,崇 ,받들,숭
2,瑟,큰 거문고,슬
1,膝,무릎,슬
6,習 ,익힐,습
3,襲,엄습할,습
3,濕,젖을,습
3,拾,주울/열,습/십
6,勝 ,이길,승
4,承 ,이을,승
3,乘,탈,승
3,僧,중,승
3,昇,오를,승
2,繩,노끈,승
2,升,되/오를,승
1,丞,정승,승
7,市 ,시장,시
7,時 ,때,시
6,始 ,비로소,시
5,示 ,보일,시
4,視 ,볼,시
4,是 ,옳을/이,시
4,施 ,베풀,시
4,詩 ,시,시
4,試 ,시험할,시
3,侍,모실,시
3,矢,화살,시
2,屍,주검,시
2,柴,섶,시
1,弑,윗사람죽일,시
1,猜,시기할,시
1,柿,감,시
1,諡,시호,시
1,匙,숟가락,시
1,豺,승냥이,시
1,媤,시집,시
7,植 ,심을,식
6,式 ,법,식
4,息 ,쉴,식
3,飾,꾸밀,식
2,軾,수레 앞턱 가로 댄 나무,식
2,湜,물 맑을,식
2,殖,번성할,식
1,蝕,좀먹을,식
1,拭,씻을,식
1,熄,불꺼질,식
7,食 ,밥/먹일,식/사
5,識 ,알/표할,식/지
6,新 ,새,신
6,信 ,믿을,신
6,身 ,몸,신
6,神 ,귀신,신
5,臣 ,신하,신
4,申 ,아홉째지지/거듭/고할,신
3,愼,삼갈,신
3,辛,매울/여덟째 천간,신
3,伸,펼,신
3,晨,새벽,신
2,紳,큰띠,신
2,腎,콩팥,신
1,燼,불탄끝,신
1,宸,대궐,신
1,薪,섶,신
1,娠,아이밸,신
1,迅,빠를,신
1,呻,읊조릴,신
1,蜃,큰조개,신
1,訊,물을,신
8,室 ,집,실
6,失 ,잃을,실
5,實 ,열매,실
1,悉,다,실
7,心 ,마음,심
4,深 ,깊을,심
3,審,살필,심
3,甚,심할,심
3,尋,찾을,심
2,瀋,즙,심
8,十 ,열,십
1,什,열사람/세간,십/집
3,雙,두,쌍
4,氏 ,성씨,씨
5,兒 ,아이,아
3,阿,언덕,아
3,雅,맑을,아
3,亞,버금,아
3,我,나,아
3,芽,싹,아
3,牙,어금니,아
3,餓,주릴,아
1,啞,벙어리,아
1,俄,아까,아
1,訝,의심할,아
1,衙,마을,아
3,岳,큰산,악
2,握,쥘,악
1,堊,흰흙,악
1,愕,놀랄,악
1,顎,턱,악
5,惡 ,악할/미워할,악/오
7,安 ,편안할,안
5,案 ,책상,안
4,眼 ,눈,안
3,岸,언덕,안
3,顔,얼굴,안
3,雁,기러기,안
1,晏,늦을,안
1,鞍,안장,안
1,按,누를,안
3,謁,뵐,알
2,閼,가로막을,알
1,斡,돌,알
1,軋,삐걱거릴,알
4,暗 ,어두울,암
3,巖,바위,암
2,癌,암,암
1,闇,숨을,암
1,庵,암자,암
4,壓 ,억누를,압
3,押,누를,압
2,鴨,오리,압
3,仰,우러를,앙
3,央,가운데,앙
3,殃,재앙,앙
1,鴦,원앙,앙
1,昂,높을,앙
1,怏,원망할,앙
1,秧,모,앙
6,愛 ,사랑,애
3,哀,슬플,애
3,涯,물가,애
2,礙,거리낄,애
2,艾,쑥,애
2,埃,티끌,애
1,崖,언덕,애
1,曖,희미할,애
1,隘,좁을,애
1,靄,아지랑이,애
4,液 ,진,액
4,額 ,이마,액
3,厄,액,액
1,扼,잡을,액
1,腋,겨드랑이,액
1,縊,목맬,액
1,櫻,앵두,앵
1,鶯,꾀꼬리,앵
6,野 ,들,야
6,夜 ,밤,야
3,耶,어조사,야
3,也,어조사/잇기,야
2,惹,이끌,야
2,倻,가야,야
1,揶,야유할,야
1,冶,풀무,야
1,爺,아비,야
6,藥 ,약,약
6,弱 ,약할,약
5,約 ,맺을,약
3,躍,뛸,약
1,葯,꽃밥,약
3,若,같을/반야,약/야
6,洋 ,큰바다,양
6,陽 ,볕,양
5,養 ,기를,양
4,羊 ,양,양
4,樣 ,모양,양
3,壤,흙덩이,양
3,揚,날릴,양
3,讓,사양할,양
3,楊,버들,양
2,襄,도울,양
2,孃,아가씨,양
1,恙,병/근심할,양
1,釀,술빚을,양
1,癢,가려울,양
1,瘍,헐,양
1,攘,물리칠,양
7,語 ,말씀,어
5,漁 ,고기잡을,어
5,魚 ,물고기,어
3,御,임금/거느릴,어
3,於,어조사,어
1,禦,막을,어
1,瘀,어혈질,어
1,圄,옥,어
5,億 ,억,억
3,憶,생각할,억
3,抑,누를,억
1,臆,가슴,억
6,言 ,말씀,언
3,焉,어찌,언
2,彦,선비,언
1,堰,둑,언
1,諺,언문/속담,언
4,嚴 ,엄할,엄
1,掩,가릴,엄
1,奄,문득,엄
1,儼,엄연할,엄
6,業 ,일,업
4,如 ,같을,여
4,餘 ,남을,여
4,與 ,더불/줄,여
3,予,나,여
3,汝,너,여
3,輿,수레,여
3,余,나,여
4,逆 ,거스를,역
4,域 ,지경,역
3,亦,또,역
3,役,부릴,역
3,驛,역,역
3,譯,번역할,역
3,疫,전염병,역
1,繹,풀,역
4,易 ,바꿀/쉬울,역/이
7,然 ,그러할,연
4,煙 ,연기,연
4,硏 ,갈,연
4,演 ,펼,연
4,延 ,늘일,연
4,燃 ,불탈,연
4,鉛 ,납,연
4,緣 ,인연,연
3,宴,잔치,연
3,沿,물을 따라 내려갈,연
3,軟,연할,연
3,燕,제비,연
2,衍,넘칠,연
2,硯,벼루,연
2,淵,못,연
2,姸,고울,연
1,捐,버릴,연
1,筵,대자리,연
1,椽,서까래,연
1,鳶,솔개,연
5,熱 ,더울,열
3,悅,기쁠,열
3,閱,볼,열
3,炎,불꽃,염
3,染,물들,염
3,鹽,소금,염
2,閻,마을,염
2,厭,싫어할,염
1,焰,불꽃,염
1,艶,고울,염
5,葉 ,잎,엽
2,燁,빛날,엽
6,永 ,길,영
6,英 ,꽃부리,영
4,榮 ,꽃,영
4,營 ,경영할,영
4,映 ,비칠,영
4,迎 ,맞을,영
3,影,그림자,영
3,泳,헤엄칠,영
3,詠,읊을,영
2,瑛,옥빛,영
2,暎,비칠,영
2,盈,찰,영
1,嬰,어린아이,영
2,瑩,"옥돌,밝을/의혹할",영/형
4,藝 ,재주,예
4,豫 ,미리,예
3,譽,기릴/명예,예
3,銳,날카로울,예
2,預,맡길/미리,예
2,芮,성씨,예
2,睿,슬기,예
2,濊,종족이름,예
1,詣,이를,예
1,曳,끌,예
1,穢,더러울,예
1,裔,후손,예
8,五 ,다섯,오
7,午 ,낮,오
4,誤 ,그르칠,오
3,悟,깨달을,오
3,烏,까마귀,오
3,汚,더러울,오
3,娛,즐길,오
3,嗚,탄식할,오
3,吾,나,오
3,傲,거만할,오
2,吳,나라이름/성씨,오
2,梧,오동나무,오
1,奧,깊을,오
1,懊,한할,오
1,伍,다섯사람,오
1,寤,잠깰,오
2,墺,물가,오/욱
5,屋 ,집,옥
4,玉 ,구슬,옥
3,獄,옥,옥
2,鈺,보배,옥
2,沃,기름질,옥
6,溫 ,따뜻할,온
2,穩,평온할,온
1,蘊,쌓을,온
3,擁,안을,옹
3,翁,늙은이,옹
2,邕,막힐,옹
2,雍,화할,옹
2,甕,독,옹
1,壅,막을,옹
3,瓦,기와,와
3,臥,누울,와
1,訛,그릇될,와
1,渦,소용돌이,와
1,蝸,달팽이,와
5,完 ,완전할,완
3,緩,느릴,완
2,莞,빙그레할,완
1,宛,완연할,완
1,玩,즐길,완
1,腕,팔뚝,완
1,阮,성,완
1,婉,순할/아름다울,완
1,頑,완고할,완
3,曰,가로,왈
8,王 ,임금,왕
4,往 ,갈,왕
2,汪,넓을,왕
2,旺,왕성할,왕
1,枉,굽을,왕
2,歪,비뚤어질,왜
2,倭,왜나라,왜
1,矮,난쟁이,왜
8,外 ,바깥,외
3,畏,두려워할,외
1,巍,높고클,외
1,猥,외람할,외
5,曜 ,빛날,요
5,要 ,요긴할,요
4,謠 ,노래,요
3,搖,흔들,요
3,腰,허리,요
3,遙,멀,요
2,妖,요사할,요
2,耀,빛날,요
2,姚,예쁠,요
2,堯,요임금,요
1,窈,고요할,요
1,凹,오목할,요
1,窯,기와가마,요
1,拗,우길,요
1,邀,맞을,요
1,夭,일찍죽을,요
1,饒,넉넉할,요
1,擾,시끄러울,요
1,僥,요행,요
5,浴 ,목욕할,욕
3,慾,욕심,욕
3,欲,하고자 할,욕
3,辱,욕될,욕
6,用 ,쓸,용
6,勇 ,날랠,용
4,容 ,용서할/얼굴,용
3,庸,떳떳할,용
2,瑢,패옥소리,용
2,鏞,쇠북,용
2,熔,쇠녹일,용
2,溶,녹을,용
2,傭,품팔,용
2,鎔,쇠녹일,용
1,聳,솟을,용
1,踊,뛸,용
1,涌,물 솟을,용
1,蓉,연꽃,용
1,茸,풀날/버섯,용/이
7,右 ,오른,우
5,雨 ,비,우
5,友 ,벗,우
5,牛 ,소,우
4,郵 ,우편,우
4,遇 ,만날,우
4,優 ,넉넉할,우
3,宇,집,우
3,偶,짝,우
3,愚,어리석을,우
3,憂,근심,우
3,羽,깃,우
3,于,어조사,우
3,尤,더욱,우
3,又,또,우
2,佑,도울,우
2,祐,복,우
2,禹,성씨,우
1,寓,부칠,우
1,嵎,산굽이,우
1,隅,모퉁이,우
1,虞,염려할/나라이름,우
1,迂,에돌,우
2,昱,빛날,욱
2,頊,삼갈,욱
2,郁,성할,욱
2,旭,아침해,욱
6,運 ,옮길/운,운
5,雲 ,구름,운
3,韻,운,운
3,云,이를,운
2,芸,평지,운
1,隕,떨어질,운
1,耘,김맬,운
1,殞,죽을,운
2,蔚,고을이름,울
2,鬱,답답할,울
5,雄 ,수컷,웅
2,熊,곰,웅
6,遠 ,멀,원
6,園 ,동산,원
5,院 ,집,원
5,願 ,원할,원
5,原 ,근원,원
5,元 ,으뜸,원
4,員 ,인원,원
4,圓 ,둥글,원
4,源 ,근원,원
4,援 ,도울,원
4,怨 ,원망할,원
2,苑,나라동산,원
2,袁,성씨,원
2,瑗,구슬,원
2,媛,여자,원
1,冤,원통할,원
1,猿,원숭이,원
1,鴛,원앙,원
8,月 ,달,월
3,越,넘을,월
5,位 ,자리,위
5,偉 ,클,위
4,爲 ,할,위
4,衛 ,지킬,위
4,委 ,맡길,위
4,危 ,위태할,위
4,圍 ,에워쌀,위
4,威 ,위엄,위
4,慰 ,위로할,위
3,胃,밥통,위
3,謂,이를,위
3,僞,거짓,위
3,緯,씨,위
3,違,어긋날,위
2,渭,물이름,위
2,尉,벼슬,위
2,魏,나라이름,위
2,韋,가죽,위
1,萎,시들,위
7,有 ,있을,유
6,由 ,말미암을,유
6,油 ,기름,유
4,乳 ,젖,유
4,儒 ,선비,유
4,遺 ,남길,유
4,遊 ,놀,유
3,猶,오히려,유
3,幼,어릴,유
3,裕,넉넉할,유
3,柔,부드러울,유
3,維,벼리,유
3,悠,멀,유
3,誘,꾈,유
3,幽,그윽할,유
3,惟,생각할,유
3,愈,나을,유
3,酉,열째 지지/닭,유
3,唯,오직,유
2,庾,곳집,유
2,楡,느릅나무,유
2,踰,넘을,유
2,兪,대답할,유
1,揄,야유할,유
1,諛,아첨할,유
1,宥,너그러울,유
1,柚,유자,유
1,諭,타이를,유
1,游,헤엄칠,유
1,蹂,밟을,유
1,鍮,놋쇠,유
1,喩,깨우칠,유
1,癒,병나을,유
1,愉,즐거울,유
7,育 ,기를,육
4,肉 ,고기,육
3,潤,윤택할,윤
3,閏,윤달,윤
2,胤,자손,윤
2,鈗,병기,윤
2,尹,성씨,윤
2,允,맏,윤
2,融,녹을,융
1,絨,가는베,융
1,戎,병장기/오랑캐,융
6,銀 ,은,은
4,恩 ,은혜,은
4,隱 ,숨을,은
2,垠,지경,은
2,誾,온화할,은
2,殷,성할/은나라,은
3,乙,둘째 천간/새,을
6,飮 ,마실,음
6,音 ,소리,음
4,陰 ,그늘,음
3,淫,음란할,음
3,吟,읊을,음
1,蔭,그늘,음
7,邑 ,고을,읍
3,泣,울,읍
1,揖,읍할,읍
4,應 ,응할,응
3,凝,엉길,응
2,鷹,매,응
1,膺,가슴,응
6,意 ,뜻,의
6,醫 ,의원,의
6,衣 ,옷,의
4,義 ,옳을,의
4,議 ,의논할,의
4,疑 ,의심할,의
4,依 ,의지할,의
4,儀 ,모양,의
3,宜,마땅할,의
3,矣,어조사,의
1,毅,굳셀,의
1,椅,의자,의
1,擬,비길,의
1,誼,정,의
8,二 ,두,이
5,以 ,써,이
5,耳 ,귀,이
4,移 ,옮길,이
4,異 ,다를,이
3,已,이미,이
3,而,말 이을,이
3,夷,오랑캐,이
2,珥,귀고리,이
2,怡,기쁠,이
2,伊,저,이
2,貳,두,이
1,餌,미끼,이
1,姨,이모,이
1,痍,상처,이
1,爾,너,이
1,弛,늦출,이
4,益 ,더할,익
3,翼,날개,익
2,翊,도울,익
1,翌,다음날,익
8,人 ,사람,인
5,因 ,인할,인
4,認 ,알,인
4,引 ,끌,인
4,印 ,도장,인
4,仁 ,어질,인
3,忍,참을,인
3,寅,셋째 지지/범,인
3,姻,혼인,인
2,刃,칼날,인
1,蚓,지렁이,인
1,靭,질길,인
1,湮,묻힐,인
1,咽,목구멍/목멜/삼킬,인/열/연
8,日 ,해,일
8,一 ,한,일
3,逸,편안할,일
2,佾,춤,일
2,鎰,무게이름,일
2,壹,한,일
1,溢,넘칠,일
1,佚,편안/질탕,일/질
5,任 ,맡길,임
3,壬,아홉번째 천간/북방,임
3,賃,품삯,임
2,妊,아이밸,임
7,入 ,들,입
1,剩,남을,잉
1,孕,아이밸,잉
7,字 ,글자,자
7,自 ,스스로,자
7,子 ,아들,자
6,者 ,놈,자
4,資 ,재물,자
4,姿 ,모양,자
4,姉 ,윗누이,자
3,慈,사랑,자
3,紫,자줏빛,자
3,玆,이,자
3,恣,마음대로,자
2,諮,물을,자
2,雌,암컷,자
2,滋,불을,자
2,磁,자석,자
1,煮,삶을,자
1,蔗,사탕수수,자
1,疵,허물,자
1,藉,깔/핑계할,자
1,仔,자세할,자
1,瓷,사기그릇,자
1,炙,구울,자/적
3,刺,찌를,자/척
6,昨 ,어제,작
6,作 ,지을,작
3,酌,술부을,작
3,爵,벼슬,작
1,炸,터질,작
1,芍,함박꽃,작
1,勺,구기,작
1,雀,참새,작
1,灼,불사를,작
1,鵲,까치,작
1,綽,너그러울,작
1,嚼,씹을,작
4,殘 ,잔인할/남을,잔
1,盞,잔,잔
1,棧,사다리,잔
3,潛,잠길,잠
3,暫,잠깐,잠
2,蠶,누에,잠
1,箴,경계,잠
1,簪,비녀,잠
4,雜 ,섞일,잡
8,長 ,길,장
7,場 ,마당,장
6,章 ,글,장
4,障 ,막을,장
4,將 ,장수,장
4,張 ,베풀,장
4,裝 ,꾸밀,장
4,腸 ,창자,장
4,帳 ,장막,장
4,奬 ,권장할,장
4,壯 ,장할,장
3,藏,감출,장
3,掌,손바닥,장
3,臟,오장,장
3,丈,어른/길이,장
3,粧,단장할,장
3,葬,장사지낼,장
3,莊,풀성할,장
3,墻,담,장
2,獐,노루,장
2,庄,농막/씩씩할,장
2,璋,홀,장
2,蔣,성씨,장
1,醬,장,장
1,杖,지팡이,장
1,檣,돛대,장
1,匠,장인,장
1,薔,장미,장
1,仗,의장,장
1,漿,즙,장
6,才 ,재주,재
6,在 ,있을,재
5,災 ,재앙,재
5,材 ,재목,재
5,再 ,다시/두,재
5,財 ,재물,재
3,栽,심을,재
3,載,실을,재
3,裁,마를,재
3,宰,재상,재
3,哉,어조사,재
1,滓,찌끼,재
1,齋,재계할/집,재
5,爭 ,다툴,쟁
1,錚,쇳소리,쟁
5,貯 ,쌓을,저
4,低 ,낮을,저
4,底 ,밑,저
3,抵,막을,저
3,著,나타날,저
2,沮,막을,저
1,咀,씹을,저
1,詛,저주할,저
1,狙,원숭이/엿볼,저
1,躇,머뭇거릴,저
1,豬,돼지,저
1,邸,집,저
1,箸,젓가락,저
1,觝,씨름,저
5,赤 ,붉을,적
5,的 ,과녁,적
4,敵 ,적,적
4,適 ,맞을,적
4,績 ,길쌈할/공적,적
4,賊 ,도둑,적
4,籍 ,문서,적
4,積 ,쌓을,적
3,摘,딸,적
3,寂,고요할,적
3,蹟,자취,적
3,跡,발자취,적
3,笛,피리,적
3,滴,물방울,적
1,嫡,정실,적
1,謫,귀양갈,적
1,狄,오랑캐,적
1,迹,자취,적
7,電 ,번개,전
7,前 ,앞,전
7,全 ,온전할,전
6,戰 ,싸울,전
5,展 ,펼,전
5,傳 ,전할,전
5,典 ,법,전
4,田 ,밭,전
4,轉 ,구를,전
4,專 ,오로지,전
4,錢 ,돈,전
3,殿,전각,전
2,甸,경기,전
1,箋,기록할,전
1,輾,돌아누울,전
1,癲,미칠,전
1,悛,고칠,전
1,餞,보낼,전
1,纏,얽을,전
1,煎,달일,전
1,篆,전자,전
1,顫,떨,전
1,栓,마개,전
1,澱,앙금,전
1,奠,정할/제사,전
1,顚,엎드러질/이마,전
1,箭,살,전
1,剪,가위,전
1,塡,메울,전
1,銓,사람가릴,전
1,廛,가게,전
1,氈,담,전
5,節 ,마디,절
4,絶 ,끊을,절
4,折 ,꺾을,절
3,竊,훔칠,절
1,截,끊을,절
5,切 ,끊을/온통,절/체
5,店 ,가게,점
4,點 ,점,점
4,占 ,점거할/점칠,점
3,漸,점점,점
1,粘,붙을,점
1,霑,젖을,점
4,接 ,이을,접
3,蝶,나비,접
7,正 ,바를,정
6,庭 ,뜰,정
6,定 ,정할,정
5,情 ,뜻,정
5,停 ,머물,정
4,政 ,정사,정
4,精 ,정할,정
4,程 ,헤아릴,정
4,丁 ,넷째천간/고무래,정
4,整 ,가지런할,정
4,靜 ,고요할,정
3,廷,조정,정
3,淨,깨끗할,정
3,貞,곧을,정
3,頂,정수리,정
3,亭,정자,정
3,井,우물,정
3,征,칠,정
3,訂,바로잡을,정
2,汀,물가,정
2,呈,드릴,정
2,楨,광나무,정
2,鄭,나라이름,정
2,珽,옥이름,정
2,旌,기,정
2,晶,맑을,정
2,艇,배,정
2,鼎,솥,정
2,偵,염탐할,정
2,禎,상서,정
1,碇,닻,정
1,酊,술취할,정
1,錠,덩이,정
1,穽,함정,정
1,挺,빼어날,정
1,釘,못,정
1,町,밭두둑,정
1,靖,편안할,정
1,睛,눈동자,정
1,幀,그림족자,정
8,弟 ,아우,제
6,第 ,차례,제
6,題 ,제목,제
4,濟 ,건널,제
4,際 ,즈음,제
4,制 ,절제할,제
4,除 ,덜,제
4,製 ,지을,제
4,提 ,끌,제
4,祭 ,제사,제
4,帝 ,임금,제
3,諸,모두,제
3,齊,가지런할,제
3,堤,둑,제
2,劑,약제,제
1,啼,울,제
1,梯,사다리,제
1,悌,공손할,제
1,蹄,굽,제
7,祖 ,할아버지,조
6,朝 ,아침,조
5,調 ,고를,조
5,操 ,잡을,조
4,助 ,도울,조
4,造 ,지을,조
4,早 ,이를,조
4,鳥 ,새,조
4,組 ,짤,조
4,條 ,가지,조
4,潮 ,밀물,조
3,兆,조짐/조,조
3,租,조세,조
3,照,비칠,조
3,弔,조상할,조
3,燥,마를,조
2,祚,복,조
2,趙,나라,조
2,彫,새길,조
2,釣,낚시,조
2,措,둘,조
2,曺,성씨,조
1,詔,조서,조
1,嘲,비웃을,조
1,遭,만날,조
1,漕,배로실어나를,조
1,藻,마름,조
1,曹,무리,조
1,槽,구유,조
1,爪,손톱,조
1,躁,조급할,조
1,棗,대추,조
1,繰,고치켤,조
1,眺,볼,조
1,阻,막힐,조
1,粗,거칠,조
1,糟,지게미,조
1,凋,시들,조
1,肇,비롯할,조
1,稠,빽빽할,조
7,足 ,발/족할,족
6,族 ,겨레,족
1,簇,가는대,족
4,尊 ,높을,존
4,存 ,있을,존
5,卒 ,마칠,졸
3,拙,졸렬할,졸
1,猝,갑자기,졸
5,終 ,마칠,종
5,種 ,씨,종
4,宗 ,마루/조상,종
4,鍾 ,쇠북,종
4,從 ,좇을,종
3,縱,세로,종
2,綜,모을,종
2,琮,옥홀,종
1,踵,발꿈치,종
1,慫,권할,종
1,腫,종기,종
1,踪,자취,종
7,左 ,왼,좌
4,座 ,자리,좌
3,坐,앉을,좌
3,佐,도울,좌
1,挫,꺾을,좌
5,罪 ,허물,죄
7,住 ,살,주
7,主 ,주인,주
6,注 ,부을,주
6,晝 ,낮,주
5,週 ,돌,주
5,州 ,고을,주
4,走 ,달릴,주
4,酒 ,술,주
4,朱 ,붉을,주
4,周 ,두루,주
3,柱,기둥,주
3,洲,물가,주
3,珠,구슬,주
3,株,그루,주
3,奏,아뢸/연주할,주
3,鑄,쇠불릴,주
3,宙,집,주
3,舟,배,주
2,疇,이랑,주
2,駐,머무를,주
1,躊,머뭇거릴,주
1,呪,빌,주
1,註,글뜻풀,주
1,輳,몰려들,주
1,嗾,부추길,주
1,誅,벨,주
1,廚,부엌,주
1,做,지을,주
1,紂,주임금/껑거리끈,주
1,胄,자손,주
1,紬,명주,주
4,竹 ,대나무,죽
4,準 ,준할,준
3,俊,준걸,준
3,遵,좇을,준
2,晙,밝을,준
2,駿,준마,준
2,准,준할,준
2,濬,깊을,준
2,峻,높을,준
2,埈,높을,준
2,浚,깊게할,준
1,竣,마칠,준
1,樽,술통,준
1,蠢,꾸물거릴,준
8,中 ,가운데,중
7,重 ,무거울,중
4,衆 ,무리,중
3,仲,버금,중
3,卽,곧,즉
1,櫛,빗,즐
1,葺,기울,즙
1,汁,즙,즙
4,增 ,더할,증
4,證 ,증명할,증
3,憎,미울,증
3,曾,일찍,증
3,症,증세,증
3,蒸,찔,증
3,贈,줄,증
7,紙 ,종이,지
7,地 ,땅,지
5,止 ,그칠,지
5,知 ,알,지
4,指 ,가리킬/손가락,지
4,志 ,뜻,지
4,支 ,지탱할,지
4,至 ,이를,지
4,智 ,지혜,지
4,誌 ,기록할,지
4,持 ,가질,지
3,池,못,지
3,之,갈,지
3,枝,가지,지
3,遲,더딜,지
3,只,다만,지
2,芝,지초,지
2,址,터,지
2,脂,기름,지
2,旨,뜻,지
1,祉,복,지
1,肢,팔다리,지
1,咫,여덟치,지
1,摯,잡을,지
1,枳,탱자,지/기
7,直 ,곧을,직
4,職 ,벼슬,직
4,織 ,짤,직
2,稷,피,직
2,稙,올벼,직
4,眞 ,참,진
4,進 ,나아갈,진
4,珍 ,보배,진
4,陣 ,진칠,진
4,盡 ,다할,진
3,鎭,진압할,진
3,振,떨칠,진
3,震,우레,진
3,陳,베풀,진
3,辰,다섯째지지/별,진
2,秦,성씨/나라이름,진
2,晋,나아갈/진나라,진
2,診,진찰할,진
2,塵,티끌,진
2,津,나루/진액,진
1,嗔,성낼,진
1,疹,마마,진
5,質 ,바탕,질
3,疾,병,질
3,秩,차례,질
3,姪,조카,질
2,窒,막힐,질
1,桎,차꼬,질
1,嫉,미워할,질
1,膣,음도,질
1,叱,꾸짖을,질
1,跌,거꾸러질,질
1,帙,책권차례,질
1,迭,갈마들,질
1,朕,나,짐
1,斟,짐작할,짐
6,集 ,모을,집
3,執,잡을,집
2,輯,모을,집
3,徵,부를,징
3,懲,징계할,징
1,澄,맑을,징
4,次 ,버금,차
3,此,이,차
3,借,빌릴,차
3,且,또,차
2,遮,가릴,차
1,蹉,미끄러질,차
1,叉,갈래,차
1,嗟,탄식할,차
4,差 ,다를/어긋날,차/치
5,着 ,붙을,착
3,錯,어긋날,착
3,捉,잡을,착
1,搾,짤,착
1,窄,좁을,착
1,鑿,뚫을,착
4,讚 ,기릴,찬
3,贊,도울,찬
2,鑽,뚫을,찬
2,璨,옥빛,찬
2,燦,빛날,찬
2,瓚,옥잔,찬
2,餐,밥,찬
1,纂,모을,찬
1,饌,반찬,찬
1,篡,빼앗을,찬
1,撰,지을,찬
4,察 ,살필,찰
2,刹,절,찰
2,札,편지/뽑을,찰
1,擦,문지를,찰
3,慘,참혹할,참
3,慙,부끄러워할,참
2,斬,벨,참
1,站,역마을,참
1,僭,주제넘을,참
1,懺,뉘우칠,참
1,讒,참소할,참
1,塹,구덩이,참
1,讖,예언,참
5,參 ,참여할/석,참/삼
6,窓 ,창문,창
5,唱 ,부를,창
4,創 ,비롯할,창
3,昌,창성할,창
3,倉,곳집,창
3,蒼,푸를,창
3,暢,화창할,창
2,敞,시원할,창
2,昶,해 길,창
2,滄,큰바다,창
2,彰,밝을,창
1,槍,창,창
1,瘡,부스럼,창
1,漲,넘칠,창
1,脹,부을,창
1,倡,광대,창
1,娼,창녀,창
1,艙,부두,창
1,猖,미쳐날뛸,창
1,菖,창포,창
1,廠,공장,창
1,愴,슬플,창
4,採 ,캘,채
3,彩,채색,채
3,債,빚,채
3,菜,나물,채
2,采,풍채,채
2,蔡,성씨,채
2,埰,사패지,채
1,寨,목책,채
5,責 ,꾸짖을,책
4,冊 ,책,책
3,策,꾀,책
1,柵,울타리,책
4,處 ,곳,처
3,妻,아내,처
2,悽,슬퍼할,처
1,凄,쓸쓸할,처
3,戚,겨레,척
3,尺,자,척
3,斥,물리칠,척
2,隻,외짝,척
2,陟,오를,척
1,滌,씻을,척
1,脊,등마루,척
1,擲,던질,척
1,瘠,여윌,척
3,拓,넓힐/박을,척/탁
7,千 ,일천,천
7,川 ,내,천
7,天 ,하늘,천
4,泉 ,샘,천
3,踐,밟을,천
3,遷,옮길,천
3,賤,천할,천
3,淺,얕을,천
3,薦,천거할,천
2,釧,팔찌,천
1,擅,멋대로할,천
1,喘,숨찰,천
1,闡,밝힐,천
1,穿,뚫을,천
5,鐵 ,쇠,철
3,哲,밝을,철
3,徹,통할,철
2,喆,밝을,철
2,澈,맑을,철
2,撤,거둘,철
1,轍,바퀴자국,철
1,綴,엮을,철
1,凸,볼록할,철 
3,添,더할,첨
3,尖,뾰족할,첨
2,瞻,볼,첨
1,籤,제비(점대),첨
1,僉,다/여러,첨
1,諂,아첨할,첨
3,妾,첩,첩
2,諜,염탐할,첩
1,疊,거듭,첩
1,牒,편지,첩
1,捷,빠를,첩
1,帖,문서,첩
1,貼,붙일,첩
8,靑 ,푸를,청
6,淸 ,맑을,청
4,請 ,청할,청
4,聽 ,들을,청
4,廳 ,관청,청
3,晴,갤,청
6,體 ,몸,체
3,滯,막힐,체
3,遞,갈릴,체
3,逮,잡을,체
3,替,바꿀,체
2,締,맺을,체
1,涕,눈물,체
1,諦,살필,체
7,草 ,풀,초
5,初 ,처음,초
4,招 ,부를,초
3,肖,닮을,초
3,礎,주춧돌,초
3,超,뛰어넘을,초
3,秒,분초,초
3,抄,뽑을,초
2,楚,초나라/회초리,초
2,哨,망볼,초
2,焦,그을릴,초
1,貂,담비,초
1,蕉,파초,초
1,礁,암초,초
1,樵,나무할,초
1,硝,화약,초
1,梢,나무끝,초
1,憔,파리할,초
1,稍,점점,초
1,醋,초,초
1,炒,볶을,초
3,促,재촉할,촉
3,觸,닿을,촉
3,燭,촛불,촉
2,蜀,나라이름,촉
1,囑,부탁할,촉
8,寸 ,마디,촌
7,村 ,마을,촌
1,忖,헤아릴,촌
4,銃 ,총,총
4,總 ,다,총
3,聰,귀밝을,총
1,叢,떨기/모일,총
1,塚,무덤,총
1,寵,사랑할,총
1,撮,모을/사진찍을,촬
5,最 ,가장,최
3,催,재촉할,최
2,崔,성씨/높을,최
7,秋 ,가을,추
3,追,따를,추
3,醜,추할,추
3,抽,뽑을,추
2,楸,가래나무,추
2,鄒,나라이름,추
2,趨,달아날,추
1,鰍,미꾸라지,추
1,椎,쇠몽치/등골,추
1,鎚,쇠망치,추
1,樞,지도리,추
1,酋,우두머리,추
1,芻,꼴,추
1,錐,송곳,추
1,墜,떨어질,추
1,錘,저울추,추
4,推 ,밀,추/퇴
1,槌,칠/방망이,추/퇴
5,祝 ,빌,축
4,蓄 ,모을,축
4,築 ,쌓을/악기,축
4,縮 ,줄일,축
3,畜,기를,축
3,逐,쫓을,축
3,丑,두번째 지지/소,축
2,軸,굴대,축
2,蹴,찰,축
7,春 ,봄,춘
2,椿,참죽나무,춘
7,出 ,날,출
1,黜,내칠,출
5,充 ,채울,충
4,蟲 ,벌레,충
4,忠 ,충성,충
3,衝,찌를,충
2,沖,화할/빌,충
2,衷,속마음,충
1,萃,모을,췌
1,贅,혹,췌
1,悴,파리할,췌
1,膵,췌장,췌
4,取 ,취할,취
4,就 ,나아갈,취
4,趣 ,뜻,취
3,醉,취할,취
3,吹,불,취
3,臭,냄새,취
2,聚,모을,취
2,炊,불땔,취
1,娶,장가들,취
1,翠,푸를/물총새,취
1,脆,연할,취
4,測 ,헤아릴,측
3,側,곁,측
1,惻,슬플,측
4,層 ,층,층
5,致 ,이를,치
4,齒 ,이,치
4,置 ,둘,치
4,治 ,다스릴,치
3,値,값,치
3,恥,부끄러워할,치
3,稚,어릴,치
2,雉,꿩,치
2,峙,언덕,치
1,幟,기,치
1,嗤,비웃을,치
1,緻,빽빽할,치
1,痔,치질,치
1,馳,달릴,치
1,侈,사치할,치
1,熾,성할,치
1,癡,어리석을,치 
1,勅,칙서,칙
5,則 ,법/곧,칙/즉
6,親 ,친할,친
8,七 ,일곱,칠
3,漆,옻,칠
4,侵 ,넘을,침
4,針 ,바늘,침
4,寢 ,잘,침
3,浸,담글,침
3,枕,베게,침
1,砧,다듬잇돌,침
1,鍼,침,침
3,沈,잠길/성씨,침/심
1,蟄,숨을,칩
4,稱 ,일컬을,칭
1,秤,저울,칭
4,快 ,쾌할,쾌
5,他 ,남,타
5,打 ,칠,타
3,墮,떨어질,타
3,妥,온당할,타
1,惰,게으를,타
1,陀,비탈질/부처,타
1,唾,침,타
1,駝,낙타,타
1,舵,키,타
1,楕,길고둥글,타
5,卓 ,책상/높을,탁
3,濁,흐릴,탁
3,濯,씻을,탁
3,托,맡길,탁
2,託,부탁할,탁
2,琢,다듬을,탁
1,鐸,방울,탁
1,擢,뽑을,탁
5,炭 ,숯,탄
4,彈 ,탄알,탄
4,歎 ,탄식할,탄
3,誕,거짓/낳을,탄
2,灘,여울,탄
1,呑,삼킬,탄
1,坦,평탄할,탄
1,憚,꺼릴,탄
1,綻,터질,탄
4,脫 ,벗을,탈
3,奪,빼앗을,탈
4,探 ,찾을,탐
3,貪,탐할,탐
2,耽,즐길,탐
1,眈,노려볼,탐
3,塔,탑,탑
1,搭,탈,탑
3,湯,끓일,탕
1,宕,호탕할,탕
1,蕩,방탕할,탕
6,太 ,클,태
4,態 ,모습,태
3,殆,위태할,태
3,泰,클,태
3,怠,게으를,태
2,颱,태풍,태
2,胎,아이밸,태
2,兌,바꿀,태
2,台,별,태
1,苔,이끼,태
1,跆,밟을,태
1,汰,일,태
1,笞,볼기칠,태
4,擇 ,가릴,택
3,澤,못,택
1,撐,버틸,탱 
1,攄,펼,터
8,土 ,흙,토
4,討 ,칠,토
3,兔,토끼,토
3,吐,토할,토
6,通 ,통할,통
4,統 ,거느릴,통
4,痛 ,아플,통
1,慟,서러워할,통
1,桶,통,통
1,筒,통,통
4,退 ,물러날,퇴
1,褪,바랠,퇴
1,腿,넓적다리,퇴
1,頹,무너질,퇴
1,堆,쌓을,퇴
4,投 ,던질,투
4,鬪 ,싸울,투
3,透,통할,투
1,套,씌울,투
1,妬,샘낼,투
6,特 ,특별할,특
1,慝,사특할,특
4,波 ,물결,파
4,破 ,깨뜨릴,파
4,派 ,갈래,파
3,罷,파할,파
3,把,잡을,파
3,頗,자못/치우칠,파
3,播,뿌릴,파
2,坡,언덕,파
1,芭,파초,파
1,琶,비파,파
1,巴,꼬리/뱀,파
1,爬,긁을,파
1,婆,할미/음역자,파/바
1,跛,절름발이/비스듬히설,파/피
5,板 ,널빤지,판
4,判 ,판단할,판
3,版,판목,판
3,販,팔,판
2,阪,언덕,판
1,辦,힘들일,판
8,八 ,여덟,팔
5,敗 ,질,패
3,貝,조개,패
2,霸,으뜸,패
1,沛,비쏟아질,패
1,稗,피,패
1,牌,패,패
1,悖,거스를,패
1,唄,염불소리,패
1,佩,찰,패
2,彭,성씨,팽
1,膨,불을,팽
1,澎,물소리,팽
1,愎,강퍅할,퍅
4,篇 ,책,편
3,編,엮을,편
3,片,조각,편
3,偏,치우칠,편
3,遍,두루,편
2,扁,작을,편
1,騙,속일,편
1,鞭,채찍,편
7,便 ,편할/똥오줌,편/변
1,貶,낮출,폄
7,平 ,평평할,평
4,評 ,평할,평
2,坪,들,평
1,萍,부평초,평
4,閉 ,닫을,폐
3,廢,폐할,폐
3,弊,해질,폐
3,肺,허파,폐
3,蔽,덮을,폐
3,幣,비단,폐
1,斃,죽을,폐
1,陛,대궐섬돌,폐
4,砲 ,대포,포
4,包 ,쌀,포
4,胞 ,세포/여드름,포
3,浦,개,포
3,捕,잡을,포
3,飽,배부를,포
3,抱,안을,포
2,抛,던질,포
2,鮑,절인 물고기,포
2,葡,포도,포
2,怖,두려워할,포
2,鋪,펼/가게,포
1,疱,물집,포
1,匍,길,포
1,咆,고함지를,포
1,庖,부엌,포
1,脯,포,포
1,蒲,부들,포
1,逋,도망갈,포
1,泡,거품,포
1,褒,기릴,포
1,圃,채마밭,포
1,袍,도포,포
1,哺,먹일,포
4,布 ,펼/보시,포/보
4,爆 ,터질,폭
3,幅,폭,폭
4,暴 ,사나울,폭/포
1,曝,쪼일,폭/포
1,瀑,폭포/소나기,폭/포
6,表 ,겉,표
4,票 ,표,표
4,標 ,표할,표
3,漂,떠다닐,표
2,杓,북두자루,표
1,慓,급할,표
1,飄,나부낄,표
1,剽,겁박할,표
1,豹,표범,표
5,品 ,물건,품
1,稟,여쭐,품
6,風 ,바람,풍
4,豊 ,풍년,풍
3,楓,단풍,풍
2,馮,성씨,풍
1,諷,풍자할,풍
4,避 ,피할,피
4,疲 ,피곤할,피
3,皮,가죽,피
3,被,입을,피
3,彼,저,피
1,披,헤칠,피
5,必 ,반드시,필
5,筆 ,붓,필
3,畢,마칠,필
3,匹,짝,필
2,弼,도울,필
1,疋,필,필
1,逼,핍박할,핍
1,乏,모자랄,핍
7,夏 ,여름,하
7,下 ,아래,하
5,河 ,물,하
3,荷,멜,하
3,何,어찌,하
3,賀,하례할,하
1,蝦,두꺼비/새우,하
1,瑕,허물,하
1,霞,노을,하
1,遐,멀,하
8,學 ,배울,학
3,鶴,학,학
2,虐,모질,학
1,壑,구렁,학
1,謔,희롱할,학
1,瘧,학질,학
8,韓 ,나라이름,한
7,漢 ,한나라,한
5,寒 ,찰,한
4,限 ,한계,한
4,閑 ,한가할,한
4,恨 ,한,한
3,汗,땀,한
3,旱,가물,한
2,翰,편지,한
1,罕,드물,한
1,悍,사나울,한
1,澣,빨래할/열흘,한
3,割,벨,할
1,轄,다스릴,할
3,含,머금을,함
3,陷,빠질,함
3,咸,다,함
2,艦,싸움배,함
1,涵,젖을,함
1,鹹,짤,함
1,檻,난간,함
1,喊,소리칠,함
1,函,함,함
1,緘,봉할,함
1,銜,재갈,함
6,合 ,합할,합
2,陜,땅이름,합
1,盒,합,합
1,蛤,조개,합
4,航 ,배,항
4,港 ,항구,항
4,抗 ,막을,항
3,恒,항상,항
3,項,항목,항
3,巷,거리,항
2,沆,넓을,항
2,亢,높을,항
1,缸,항아리,항
1,肛,항문,항
7,海 ,바다,해
5,害 ,해할,해
4,解 ,풀,해
3,亥,열두째 지지/돼지,해
3,該,갖출,해
3,奚,어찌,해
1,諧,화할,해
1,懈,게으를,해
1,骸,뼈,해
1,咳,기침,해
1,楷,본보기,해
1,邂,우연히만날,해
1,偕,함께,해
1,駭,놀랄,해
4,核 ,씨,핵
1,劾,꾸짖을,핵
6,幸 ,다행,행
2,杏,살구나무,행
6,行 ,다닐/항렬,행/항
6,向 ,향할,향
4,香 ,향기,향
4,鄕 ,시골,향
3,響,울릴,향
3,享,누릴,향
1,饗,잔치할,향
1,嚮,길잡을,향
5,許 ,허락할,허
4,虛 ,빌,허
1,噓,불,허
1,墟,터,허
4,憲 ,법,헌
3,獻,바칠,헌
3,軒,집,헌
1,歇,쉴,헐
4,驗 ,시험할,험
4,險 ,험할,험
4,革 ,가죽/고칠,혁
2,赫,빛날,혁
2,爀,불빛,혁
6,現 ,나타날,현
4,賢 ,어질,현
4,顯 ,나타날,현
3,玄,검을,현
3,懸,매달,현
3,絃,줄,현
3,縣,고을,현
2,峴,고개,현
2,鉉,솥귀,현
2,弦,시위,현
2,炫,빛날,현
1,眩,어지러울,현
1,絢,무늬,현
1,衒,자랑할,현
4,血 ,피,혈
3,穴,구멍,혈
3,嫌,싫어할,혐
4,協 ,화할,협
3,脅,위협할,협
2,峽,골짜기,협
1,頰,뺨,협
1,俠,의기로울,협
1,挾,낄,협
1,狹,좁을,협
8,兄 ,형,형
6,形 ,모양,형
4,刑 ,형벌,형
3,衡,저울대,형
3,螢,반딧불이,형
3,亨,형통할,형
2,瀅,물맑을,형
2,型,모형,형
2,馨,꽃다울,형
2,邢,성씨,형
2,炯,빛날,형
1,荊,가시,형
4,惠 ,은혜,혜
3,慧,슬기로울,혜
3,兮,어조사,혜
1,彗,살별,혜
1,醯,식혜,혜
6,號 ,부르짖을/이름,호
5,湖 ,호수,호
4,護 ,지킬,호
4,好 ,좋을,호
4,戶 ,문,호
4,呼 ,부를,호
3,浩,클,호
3,胡,오랑캐,호
3,豪,호걸,호
3,虎,범,호
3,毫,터럭,호
3,互,서로,호
3,乎,어조사,호
2,濠,해자/호주,호
2,扈,따를/파랑새,호
2,壕,해자,호
2,鎬,호경,호
2,昊,하늘,호
2,皓,흴,호
2,祜,복,호
2,澔,넓을,호
2,晧,밝을,호
1,弧,활,호
1,狐,여우,호
1,瑚,산호,호
1,琥,호박,호
1,糊,풀칠할,호
4,或 ,혹시,혹
3,惑,미혹할,혹
2,酷,심할,혹
4,混 ,섞일,혼
4,婚 ,혼인할,혼
3,魂,넋,혼
3,昏,어두울,혼
1,渾,흐릴,혼
3,忽,갑자기,홀
1,笏,홀,홀
1,惚,황홀할,홀
4,紅 ,붉을,홍
3,洪,넓을,홍
3,弘,클,홍
3,鴻,기러기,홍
2,泓,물깊을,홍
1,哄,떠들썩할,홍
1,訌,어지러울,홍
1,虹,무지개,홍
8,火 ,불,화
7,話 ,말씀,화
7,花 ,꽃,화
6,和 ,화할,화
5,化 ,될,화
4,貨 ,재화,화
4,華 ,빛날,화
3,禍,재앙,화
3,禾,벼,화
2,嬅,탐스러울,화
2,靴,신발,화
2,樺,벚나무/자작나무,화
6,畫 ,그림/그을,화/획
4,確 ,굳을,확
3,穫,거둘,확
3,擴,넓힐,확
5,患 ,근심,환
4,環 ,고리,환
4,歡 ,기쁠,환
3,換,바꿀,환
3,還,돌아올,환
3,丸,둥글,환
2,煥,불꽃/빛날,환
2,幻,헛보일,환
2,桓,굳셀,환
1,宦,벼슬,환
1,鰥,홀아비,환
1,喚,부를,환
1,驩,기뻐할,환
7,活 ,살,활
1,闊,넓을,활
1,猾,교활할,활
2,滑,미끄러울/익살스러울,활/골
6,黃 ,누를,황
4,況 ,하물며/상황,황
3,皇,임금,황
3,荒,거칠,황
2,晃,밝을,황
2,滉,깊을,황
1,慌,어리둥절할,황
1,煌,빛날,황
1,凰,봉황,황
1,徨,헤맬,황
1,惶,두려울,황
1,遑,급할,황
1,恍,황홀할,황
6,會 ,모일,회
4,回 ,돌아올,회
4,灰 ,재,회
3,悔,뉘우칠,회
3,懷,품을,회
2,淮,물이름,회
2,檜,전나무,회
2,廻,돌,회
1,蛔,회충,회
1,恢,넓을,회
1,膾,회,회
1,繪,그림,회
1,賄,재물/뇌물,회
1,晦,그믐,회
1,誨,가르칠,회
1,徊,머뭇거릴,회
3,劃,그을,획
3,獲,얻을,획
3,橫,가로,횡
7,孝 ,효도,효
5,效 ,본받을,효
3,曉,새벽,효
1,嚆,울릴,효
1,爻,사귈/가로그을,효
1,酵,삭힐,효
1,哮,성낼,효
7,後 ,뒤,후
4,厚 ,두터울,후
4,候 ,기후,후
3,侯,제후,후
2,喉,목구멍,후
2,后,뒤/임금,후
1,逅,만날,후
1,朽,썩을,후
1,嗅,맡을,후
1,吼,울부짖을,후
6,訓 ,가르칠,훈
2,薰,향풀,훈
2,勳,공적,훈
2,壎,질나발,훈
2,熏,불길,훈
1,暈,무리,훈
3,毁,헐,훼
1,喙,부리,훼
1,卉,풀,훼
4,揮 ,휘두를,휘
3,輝,빛날,휘
2,徽,아름다울/표기,휘
1,諱,숨길/꺼릴,휘
1,麾,기,휘
1,彙,무리,휘
1,喧,지껄일,휜
7,休 ,쉴,휴
3,携,이끌,휴
2,烋,아름다울,휴
1,恤,불쌍할,휼
5,凶 ,흉할,흉
3,胸,가슴,흉
2,匈,오랑캐/가슴,흉
1,兇,흉악할,흉
1,洶,용솟음칠,흉
5,黑 ,검을,흑
1,痕,흔적,흔
1,欣,기쁠,흔
2,欽,공경할,흠
1,歆,흠향할,흠
1,欠,하품,흠
4,吸 ,마실,흡
1,洽,흡족할,흡
1,恰,흡사할,흡
4,興 ,일,흥
4,希 ,바랄,희
4,喜 ,기쁠,희
3,稀,드물,희
3,戲,희롱할,희
2,羲,복희,희
2,姬,아가씨,희
2,熙,빛날,희
2,嬉,아름다울,희
2,熹,빛날,희
2,禧,복,희
2,憙,기뻐할,희
1,犧,희생,희
2,噫,한숨쉴/트림할,희/애
1,詰,꾸짖을,힐
